user_id,life_app_personal_ref_code,life_app_ref_code
2,viAc1dUO,tuancao
3,9n3EPuhe,1
11,7NejqX32,9n3EPuhe
17,OfiGvMwX,tuancao
18,F2evBDdY,phSOFlMA
20,tuancao,pETS4zMn
21,llf5Iyn0,tuancao
22,fy2RHmBg,tuancao
23,BvLRFtVq,QALIFEAI
24,yfmCfewv,tuancao
31,C4Fq72Ih,CM9iK8SK
33,IdzIEzIW,lifeai
34,XANuloyI,lifeai
35,ybkA17cP,IdzIEzIW
36,kzaVRQPt,IdzIEzIW
37,sO2Kjpvg,XANuloyI
38,2nf70ALI,XANuloyI
39,JZBlYOoC,ybkA17cP
40,GxYZgkED,JZBlYOoC
41,pETS4zMn,JZBlYOoC
42,Cii829TQ,GxYZgkED
43,SIRPyYtg,Cii829TQ
44,phSOFlMA,Cii829TQ
47,RzbgUfIq,OfiGvMwX
49,BzcF6OSl,tuancao
51,vDTOTT9L,QALIFEAI
53,tfXJzmL5,RzbgUfIq
54,Te6zQTeY,RzbgUfIq
55,CM9iK8SK,RzbgUfIq
56,MBXAzITT,RzbgUfIq
57,Aan8GTHr,tfXJzmL5
58,2LF1sM9n,Te6zQTeY
59,X3OtK0Dh,CM9iK8SK
60,IslWBgbG,CM9iK8SK
61,WD3rE3XY,Aan8GTHr
62,D3cq4hLt,Aan8GTHr
63,jrZyCjU7,2LF1sM9n
64,ZBH3OBUG,2LF1sM9n
65,1WlxPEDZ,MBXAzITT
66,Sm5sbxSQ,MBXAzITT
67,QH0ARgw2,tuancao
68,4s6wkhNu,BvLRFtVq
69,sR2fx6ql,BvLRFtVq
76,fID0Qhzr,SIRPyYtg
78,NV92pNXC,aJWelMwB
80,BVBLSTDz,fID0Qhzr
81,Z77uHITz,fID0Qhzr
82,iOR4wo1v,BVBLSTDz
83,rEU4ncDx,tuancao
84,ciQsArvl,tuancao
87,sZMPAWJH,tuancao
89,3yybeqgQ,fID0Qhzr
90,SsM9pf29,SIRPyYtg
91,sWjj5lVT,iOR4wo1v
93,FTv33sYh,ZAZ6OLyX
94,6cRYEMBT,sWjj5lVT
95,dS7KScZ8,SsM9pf29
96,n6aMZxgR,hko8hyvb
97,ZAZ6OLyX,Z77uHITz
99,JNYtSgh7,dZNeHoqC
100,FUJi4Q89,qo5W6Kno
101,s4GcjPJq,Z77uHITz
102,Y8V0jGWx,3jHamwCM
103,qo5W6Kno,SIRPyYtg
105,b6UcI4Al,SIRPyYtg
106,vTp5EGEF,4XZuQAzI
107,EuydLrfg,phSOFlMA
109,BiD47LAF,2lkTMChb
110,gU785pHG,6cRYEMBT
112,2lkTMChb,s4GcjPJq
114,hko8hyvb,ZAZ6OLyX
115,MBQb8bL6,tuancao
117,dZNeHoqC,K2DZHc8b
118,K2DZHc8b,ZAZ6OLyX
120,46WOzxIQ,sWjj5lVT
121,x8R9nsbM,sWjj5lVT
124,3jHamwCM,gU785pHG
125,aJWelMwB,iOR4wo1v
126,sowup45G,euQUkS3P
127,R3TT6Y2T,BVBLSTDz
128,AcRk1cnX,EuydLrfg
129,9f3mD3WT,NV92pNXC
130,euQUkS3P,NV92pNXC
132,HEZpITAV,9f3mD3WT
135,805y4O2k,s4GcjPJq
136,I17yNBPL,EuydLrfg
137,3jWFWUKM,EuydLrfg
138,qEyLLKWP,9f3mD3WT
143,sNjI0zRC,2lkTMChb
148,uAFbNbjl,CM9iK8SK
150,vZTZg4Yg,tuancao
153,f156ej4a,tuancao
154,qOEZTR7W,tuancao
155,Oq8jwggZ,tuancao
157,EUamLY9s,3jHamwCM
159,12k8qqde,3jHamwCM
163,WxdGBSM1,6cRYEMBT
168,4XZuQAzI,b6UcI4Al
169,vOlu5utV,b6UcI4Al
170,Ro9Ds8wu,b6UcI4Al
171,WBchAkZA,b6UcI4Al
172,gNoROVey,b6UcI4Al
174,cBmm3AO4,SsM9pf29
175,CsTMamPO,SsM9pf29
176,Pz16Z9wf,SsM9pf29
177,wDXwKKt7,4XZuQAzI
178,KU0UksE2,wDXwKKt7
181,qMHE2Lml,tuancao
183,v1oolVkk,4XZuQAzI
187,BdahLshB,SIRPyYtg
189,Y8cQ8dei,v1oolVkk
190,WipLG38C,Y8cQ8dei
191,17FloTnS,WipLG38C
195,jBhprVYK,SIRPyYtg
196,3A8xqfvq,yCK7ohxj
198,yON7Sew3,jBhprVYK
199,WiJokg7N,QALIFEAI
200,JU8cyjpN,ZA6R2ZLd
201,ZA6R2ZLd,WiJokg7N
202,CX4HnniK,aJWelMwB
225,x8u7e8YB,b6UcI4Al
230,yCK7ohxj,JNYtSgh7
231,GNIrCNf9,tuancao
234,4lPLh2VW,dZNeHoqC
238,qMdGP8j0,fID0Qhzr
241,XSRZiq7S,4lPLh2VW
245,5PgZj18W,XSRZiq7S
247,QpQkoqRL,46WOzxIQ
248,BPzpa7HU,k5G9Ho6a
253,t1II8gPm,yCK7ohxj
254,k5G9Ho6a,v1oolVkk
257,eRvWNkqS,CX4HnniK
258,vp16qqpg,CX4HnniK
259,KL0w25DW,eRvWNkqS
260,vKYh4tRf,XSRZiq7S
272,HhVEvUUW,4lPLh2VW
276,i74HXph0,4lPLh2VW
279,8kaaP3Q2,XSRZiq7S
280,6Zx4EmpT,8kaaP3Q2
281,cvJ1lHzZ,t1II8gPm
283,Lr48bDbB,t1II8gPm
284,ZHBWtyga,t1II8gPm
285,f8swQIdv,t1II8gPm
286,SEwucM2a,t1II8gPm
287,oF9Oe2K5,SsM9pf29
295,EiXJUut7,jijw18Au
298,83V9i45E,JNYtSgh7
299,YZSQjITr,XSRZiq7S
300,Q9cQayp9,YZSQjITr
301,tTFD1bjn,YZSQjITr
303,hcaFJrEI,k5G9Ho6a
305,wmSpcjeh,dS7KScZ8
306,qd5kJi74,wmSpcjeh
307,pieGBAjW,EuydLrfg
309,GuKzVPVv,6Zx4EmpT
310,eW6W8iPF,6Zx4EmpT
311,hAStVdJr,6Zx4EmpT
313,iqN9evVW,cBmm3AO4
316,jijw18Au,HhVEvUUW
318,ovIkp70m,YZSQjITr
320,gXHszoDK,YZSQjITr
321,yXHwskpe,YZSQjITr
322,WJK8QhOW,YZSQjITr
323,J94Wdrz6,Q9cQayp9
324,OQvQUVo1,Q9cQayp9
325,pZcupnHa,ovIkp70m
326,rNevyCZg,ovIkp70m
328,sjTWJQAL,pZcupnHa
330,TuHDPxTU,rNevyCZg
331,Xq2Gp4dN,rNevyCZg
332,PB7GgCKA,6Qx7DZdS
333,z2ILjfMI,XSRZiq7S
334,6grtYNlB,z2ILjfMI
335,kBe00MyJ,z2ILjfMI
337,clUJBr2G,Q9cQayp9
338,lRuCi4hC,Q9cQayp9
340,CZ3ZC59P,hAStVdJr
342,eP6WkQqV,SIRPyYtg
343,EycsoleF,CZ3ZC59P
344,0ijqC1nt,tTFD1bjn
345,IHusjtyi,tTFD1bjn
346,ojzKb0Py,iOR4wo1v
348,fSD1VC5Z,EuydLrfg
352,570izPEi,SsM9pf29
353,8Q18tsC9,ojzKb0Py
354,pZ7L6mD2,ojzKb0Py
357,jcnBTZI1,K2DZHc8b
358,adnpft2J,pZ7L6mD2
359,AZxwxPOk,vp16qqpg
360,BQHFCjom,AZxwxPOk
361,3rwYVMVK,AZxwxPOk
362,X4NtMQPt,eP6WkQqV
364,yZKhn6rY,oF9Oe2K5
369,0nWOQS9N,cBmm3AO4
372,dU1ggvnU,Xq2Gp4dN
383,YgpSxeOf,3rwYVMVK
387,OvWM9y7U,3rwYVMVK
388,IfqSF86y,adnpft2J
393,6SHsgAUl,F2evBDdY
395,eUN0zkcJ,adnpft2J
396,jKqTgX8Y,cBmm3AO4
397,prKuEI85,Pz16Z9wf
399,Kie7R218,dS7KScZ8
402,nlhz7q29,prKuEI85
403,ENDtMhAL,prKuEI85
404,9r1V0U5P,Pz16Z9wf
405,A7tpUhRZ,yZKhn6rY
407,fASMfSPZ,cBmm3AO4
408,x4HDTAa2,qHOnkvoo
409,sjcEf4U6,oF9Oe2K5
410,Id0Fa2au,6SHsgAUl
411,qGsjyeqg,6SHsgAUl
412,wDdGFgkK,hAStVdJr
414,1pyorLAf,3rwYVMVK
415,RBJ9fKEw,6SHsgAUl
418,TsUGxAJy,XSRZiq7S
420,ERSuiJrf,Pz16Z9wf
421,zLwlZY19,cBmm3AO4
424,iw1dtUJy,6SHsgAUl
426,XnaAHW7J,BQHFCjom
427,thgiz3Bl,BQHFCjom
429,qHOnkvoo,BQHFCjom
430,b8QZ440b,6Zx4EmpT
433,RwyDy8hc,XnaAHW7J
434,V6HSaS02,8kaaP3Q2
436,PPRv9wvi,48jOPZo4
437,5VNrbtbC,RBJ9fKEw
438,ffEq3r7Y,5VNrbtbC
439,TFIjiP5b,5VNrbtbC
441,VSY8gvkh,cBmm3AO4
442,Z2ixdxG9,ffEq3r7Y
443,NgtCz8NB,Id0Fa2au
444,rYxn85SC,RBJ9fKEw
446,NwWu4kqv,Id0Fa2au
447,B2VzNY5h,XnaAHW7J
448,XVc3GW5g,rYxn85SC
449,ZcrvQHQU,XSRZiq7S
451,92l0Migj,Pz16Z9wf
454,NEKyD4Np,CM9iK8SK
456,3uzhHaIc,XSRZiq7S
458,JXXbTLje,rNevyCZg
461,jid0FFt9,ffEq3r7Y
462,IGCCboUM,sjcEf4U6
463,dGH69oZn,oF9Oe2K5
464,XfdRpRuH,adnpft2J
466,06aCDjIn,Pz16Z9wf
467,HzjoZHaV,ZcrvQHQU
468,BAjxEwQf,HzjoZHaV
472,S4IVAJ9R,eUN0zkcJ
473,BhH7xq5n,CX4HnniK
474,S0CVw9U1,BAjxEwQf
476,tElnPjJI,BAjxEwQf
477,IPzVd6iZ,BAjxEwQf
479,6TCJtl0S,ZcrvQHQU
480,LmShuRyk,ZcrvQHQU
481,Mqy8S9Xe,LmShuRyk
483,LfoeWvzj,adnpft2J
484,jgRI4CGf,fID0Qhzr
485,Rg8sdwi2,pZ7L6mD2
486,ycinZ3nN,Rg8sdwi2
487,wl1LYPFt,LmShuRyk
488,XTuV2WpF,BAjxEwQf
489,Mot2WtlY,rNevyCZg
490,kPV7ErMV,jgRI4CGf
491,kNt6Getj,ffEq3r7Y
492,ebUZoLr1,kNt6Getj
493,wLojCwkb,kNt6Getj
494,KQDUSlL6,WFEo187X
495,Qj8NZPUV,ojzKb0Py
497,uqmP6SAL,Id0Fa2au
498,kzpMLJ5k,Qj8NZPUV
500,np5nOC2G,kzpMLJ5k
502,OnCCmbD0,yON7Sew3
503,xKfNZPcn,np5nOC2G
505,v0mpkbrL,NgtCz8NB
506,7fpZwJ4V,v0mpkbrL
507,zDK7OlnE,v0mpkbrL
508,dR3t8if9,7fpZwJ4V
509,4Ocr8zr4,dR3t8if9
511,s40qcS0O,kPV7ErMV
513,MZ1l7Wqp,BAjxEwQf
515,1ZmnQNIr,jzvGjLKL
519,NQFKecsm,4Ocr8zr4
520,UUa7oaIi,rNevyCZg
521,X32la0r4,s40qcS0O
523,4TbrQ9AT,ZcrvQHQU
524,a6YMc6WX,adnpft2J
526,mbSSCXZm,HzjoZHaV
527,xJPEaGdd,3uzhHaIc
528,yY1jJoSn,mbSSCXZm
529,4e4aauPi,3uzhHaIc
530,fpuCjsNj,mbSSCXZm
531,jzvGjLKL,kPV7ErMV
535,aOtlmcnv,S4IVAJ9R
536,I4YKMn9u,lifeai
538,OhdVXRdI,Id0Fa2au
539,BVLV1KIN,BAjxEwQf
540,7NGfPmeu,BVLV1KIN
541,kQ7BfPfY,BVLV1KIN
545,4HzrbH9t,LfoeWvzj
547,Y3IBWQPm,4Ocr8zr4
549,ai0sdBsw,Pz16Z9wf
550,zLUWGlP8,WxdGBSM1
551,LJplqT5U,Y3IBWQPm
555,hjdx6n8V,Y3IBWQPm
556,NPCleXMt,Y3IBWQPm
558,dykTfXkg,jgRI4CGf
559,9IAi0RYD,Y3IBWQPm
563,0MWIKHTx,s40qcS0O
565,vEuk0wRN,ASMcqvyP
567,VV0gbzi4,cBmm3AO4
571,L94mpJWf,BAjxEwQf
573,YDKZ29WB,NPCleXMt
575,XV4O9shC,TFIjiP5b
577,Seiqo3ep,XnaAHW7J
578,uOdTYb91,qGsjyeqg
579,TYELsLzP,Rg8sdwi2
580,KPTmNkc7,XV4O9shC
584,4bF71wCO,Cii829TQ
585,rkuit9jx,jgRI4CGf
587,UMRijIoG,BAjxEwQf
588,VfybVMaI,qGsjyeqg
590,t16lDTth,rkuit9jx
591,ynQtV1ZO,rkuit9jx
592,Mb5yGHLc,ynQtV1ZO
593,VZZOb2sD,JW9nKj2v
594,JW9nKj2v,ynQtV1ZO
595,SJFyK2PF,dykTfXkg
597,ASMcqvyP,VfybVMaI
607,PHufnhba,XumyMTpl
608,QebesdhV,aOtlmcnv
609,P4d79eMi,aOtlmcnv
614,XumyMTpl,ynQtV1ZO
615,SBHfcDXN,jKqTgX8Y
616,muQLxLTJ,ynQtV1ZO
617,BmrePRyg,rkuit9jx
618,FlQ4wjjc,rkuit9jx
620,LQfyxCVf,JW9nKj2v
622,ZesF6efa,rkuit9jx
623,IJED1l4l,ZesF6efa
624,WV2ptoYX,vEuk0wRN
625,xHwLl25U,vEuk0wRN
626,CPepeYk9,XumyMTpl
627,mu3Kkx3o,ZesF6efa
628,hwHVAYYD,t16lDTth
629,bog7qSeH,XumyMTpl
632,3JsA1xLH,oF9Oe2K5
633,laM3eKdb,LQfyxCVf
634,4Qp5i5ok,ZesF6efa
635,44ktJv2X,4Qp5i5ok
636,Q2k1z2EK,4Qp5i5ok
638,stsshn8g,Q2k1z2EK
639,ya62Lzvu,ZesF6efa
640,aEon9LZd,ZesF6efa
641,Xz3OAJjf,t16lDTth
643,PykwiMRV,ZesF6efa
644,KnI79dTk,ZesF6efa
645,Fn7xLAbj,ynQtV1ZO
646,gMAQ7p5F,ZesF6efa
647,5l3oYKXF,ZesF6efa
648,YwIwAAXX,ZesF6efa
649,G7TSfTzD,XumyMTpl
651,Ak5UAuBf,4HzrbH9t
652,rQ9doUDN,b6UcI4Al
653,GX4EMhkF,b6UcI4Al
654,sM8OfFqh,S4IVAJ9R
655,BcUugFUs,SsM9pf29
657,7H19mcjq,XSRZiq7S
658,5nvUicF3,WV2ptoYX
660,v79tvTZo,G7TSfTzD
661,TPjSbZBl,BmrePRyg
663,glidsVqn,zDK7OlnE
664,gASZyKYh,XSRZiq7S
666,dWWQea4k,LfoeWvzj
667,ehELiVNG,gASZyKYh
669,OlNzFJzs,hwHVAYYD
670,48jOPZo4,Rg8sdwi2
672,rRtiwBVk,5nvUicF3
673,K68eU3DS,ehELiVNG
674,YIYNtVWt,muQLxLTJ
675,NWyCJctl,Id0Fa2au
677,O0Uru1iI,5nvUicF3
678,bvjUy1vF,wmSpcjeh
679,7X1Gsarf,X32la0r4
680,VOFQyhPz,X32la0r4
683,1jRra1Ue,7X1Gsarf
685,wKebV55x,NgtCz8NB
686,BtATRs5X,7X1Gsarf
690,SvpWvXp8,b6UcI4Al
691,odo3RchO,ojzKb0Py
694,ZR4jXWPo,v79tvTZo
696,M0tUxHkY,OvWM9y7U
698,Yhw0qPYB,OvWM9y7U
699,S0xXEXoE,mu3Kkx3o
702,gzYPVuij,Rg8sdwi2
703,PeKfp1LS,kPV7ErMV
708,euk9VjWE,K68eU3DS
709,3Es7nd4g,7X1Gsarf
710,C0r6bkko,1jRra1Ue
712,y9xHODXc,vOlu5utV
713,NOy6AwIB,vOlu5utV
715,BWoxLfz9,M3CqZNMr
717,Oot97mOW,Mb5yGHLc
718,h8YHRMWq,adnpft2J
719,Q1GI0he2,7X1Gsarf
721,8GMmxmq8,p580GylI
725,r3k3gjKn,7X1Gsarf
726,WqpA7Lrz,Id0Fa2au
727,hNkrABiU,WqpA7Lrz
729,zk5wfMLd,ycinZ3nN
730,taqrSMcK,b8QZ440b
731,38yLTyZW,s40qcS0O
732,w2ucX6P4,ycinZ3nN
736,wdYuMmJb,OvWM9y7U
737,JpW0So2j,xHwLl25U
738,0To5FrZ8,kPV7ErMV
739,kaViDwAN,BmrePRyg
740,JI01crCq,wdYuMmJb
742,JDLnyaoX,dWWQea4k
746,cXUSMkCs,7X1Gsarf
747,zsRyTqf2,I2CQmkuf
748,ocUDQmd1,bog7qSeH
749,th8QOAwN,A7tpUhRZ
750,SXA0emso,ki54HtkH
752,M3CqZNMr,hjdx6n8V
753,QYgfmLuw,Fn7xLAbj
759,36nTRVbN,ycinZ3nN
761,kIh0rodf,jgRI4CGf
762,K0g8p9bw,XSRZiq7S
765,aDnLscxo,FlQ4wjjc
767,5QpNdbY0,aDnLscxo
768,p580GylI,BWoxLfz9
769,OKiP4GmU,p580GylI
770,F3NvP8w4,OKiP4GmU
771,o3i6gXnk,K0g8p9bw
772,IuENyTNg,48jOPZo4
778,QzGWZza5,rkuit9jx
779,0PC0GLr3,K0g8p9bw
781,TcBWtM8A,Rg8sdwi2
782,EY4zBJ2X,TcBWtM8A
784,cnwYMnf1,QYgfmLuw
785,hlKPxGW4,Z2ixdxG9
786,aBuopo71,Z2ixdxG9
787,AR9Mphft,glidsVqn
788,07KT9IKW,glidsVqn
792,nYDxOuzr,C0r6bkko
795,iQ2fUu6Z,G7TSfTzD
796,nEitWwQH,pZ7L6mD2
797,ZHk8XXJv,1jRra1Ue
798,ZiQdUqEr,eRvWNkqS
800,2htqQSZG,nEitWwQH
801,RCh6sf3Z,vOlu5utV
802,r0V35uWB,JI01crCq
803,wrjl0eqR,XOpJK5kd
804,1lPjS6kF,RCh6sf3Z
806,ki54HtkH,YDKZ29WB
808,R9lrJ4Pk,1lPjS6kF
809,v5lFlRlC,1lPjS6kF
810,oxvimAnC,ki54HtkH
811,YodS7byr,vOlu5utV
812,X2IUNtw0,YodS7byr
815,sevAifZq,4UlqSa5D
817,YFi8Vffp,ycinZ3nN
818,PLXe9sEc,ycinZ3nN
821,xRcKfZy9,jKqTgX8Y
822,bdklGTLb,b6UcI4Al
823,jt0xCcIR,YodS7byr
825,2rEBn605,OvWM9y7U
826,Xv0mmSqt,2rEBn605
827,QtVFFbyH,2rEBn605
828,V4xOSyAr,KU0UksE2
831,sXpUrZc1,z2ILjfMI
832,gtlvc5xc,hwHVAYYD
833,Hjz07tZZ,BmrePRyg
835,hPnt2NUP,Mb5yGHLc
836,9Al9VI2m,eUN0zkcJ
840,8L70xNsT,YFi8Vffp
843,utJiauYv,t16lDTth
844,YOk9rWFk,YFi8Vffp
847,fiRMdfBe,36nTRVbN
848,XIveSl21,48jOPZo4
849,H5yWt551,ycinZ3nN
855,ET2YnoLP,YodS7byr
856,hF8Phc4c,ET2YnoLP
857,2CQKrPpF,ET2YnoLP
858,E9RhyE2O,Hjz07tZZ
859,JqKbapeF,8L70xNsT
860,f3Li2j5G,Hjz07tZZ
864,Jvy4Wofc,jKqTgX8Y
868,PkqKF0ti,36nTRVbN
872,WcqMLZu6,hwHVAYYD
873,1ifvd7N8,jzvGjLKL
876,oLSJ5AKe,E9RhyE2O
879,MBPecGah,1lPjS6kF
880,g50bCcYK,1lPjS6kF
883,0pbbkjvU,YFi8Vffp
886,nJopXWEl,BcUugFUs
888,J2zQRE4a,N3VCnFbw
889,N3VCnFbw,aBuopo71
891,UPEXewcG,WcqMLZu6
892,a4cDVdIK,gtlvc5xc
893,y3jRhrzx,RCh6sf3Z
894,xLonwIQe,fiRMdfBe
895,U11l2eNS,y3jRhrzx
896,wHWcc2Aa,RCh6sf3Z
897,xgTXK5Yt,y3jRhrzx
900,hjipQrT7,y3jRhrzx
901,72POyocw,hjipQrT7
902,nZvXaH3A,hjipQrT7
904,JUQAZawT,vOlu5utV
905,WFEo187X,6SHsgAUl
906,YPhUdN0E,36nTRVbN
907,rfT1Wil2,YPhUdN0E
911,EkTr7SBM,gNoROVey
914,99hujgdA,UZn2iLt3
916,hI8TNQOo,EkTr7SBM
923,fTfNgORV,vOlu5utV
924,9v8KmNyK,fTfNgORV
925,UZn2iLt3,fiRMdfBe
927,m1Y0lljq,fTfNgORV
928,3NTEBVSG,UZn2iLt3
929,Ql4Q7gVz,99hujgdA
931,phWWMTLu,fiRMdfBe
933,zfdSJeNi,fTfNgORV
934,PWMaucPI,kIh0rodf
936,PTS4TTMk,zfdSJeNi
937,kp1IWiep,BAjxEwQf
938,urygcSrU,kp1IWiep
939,19LlIbtR,PLXe9sEc
941,1YaOCVsA,kIh0rodf
944,0RsdyGo6,EkTr7SBM
946,bNl33S6K,KQDUSlL6
948,Ww2R0PTV,bNl33S6K
950,u4Mr9r0n,1675fUIG
951,aCUvcQVc,PLXe9sEc
952,68nxmt2G,YPhUdN0E
953,ZnvfZ4mO,KU0UksE2
955,EGOnLbrL,kIh0rodf
956,YnIg71tv,OlNzFJzs
957,43GGyxCy,XSRZiq7S
959,uaVJTJzf,FlQ4wjjc
960,2EHvr7aA,EuydLrfg
962,6Qx7DZdS,Ql4Q7gVz
963,hMolq384,6Qx7DZdS
965,615OJzsW,wHWcc2Aa
966,GbQvzDqg,wHWcc2Aa
968,TeVyKJb4,hPnt2NUP
969,eDynVdrQ,wHWcc2Aa
970,o5fNLBDC,Rg8sdwi2
973,hQ3M6zt2,2i7JCeJX
975,2i7JCeJX,bNl33S6K
979,IFQZsfxV,3rwYVMVK
980,G5Q90T6j,Ww2R0PTV
981,Wpzlt2Lb,zfdSJeNi
982,oTZ9vely,Wpzlt2Lb
983,wafOeO5k,G5Q90T6j
984,jyERifCu,Wpzlt2Lb
985,Fib0fq5w,YnIg71tv
986,8hn4KTxW,laM3eKdb
987,4gRuAXhf,zfdSJeNi
989,1kY78LAb,hwHVAYYD
995,LDzxqJgD,8hn4KTxW
996,eEI7PrmC,XfdRpRuH
1000,CDm0TK5v,zfdSJeNi
1003,LX5u1LpT,laM3eKdb
1004,MvqY4Nps,laM3eKdb
1006,IsazlWOK,MvqY4Nps
1007,OlArQ9Fo,8L70xNsT
1008,A6QeMlEP,3NTEBVSG
1009,HuEUdLUY,A6QeMlEP
1010,7Dc8SkdB,Ql4Q7gVz
1011,YyfsYrlY,YPhUdN0E
1013,MoVqLvWd,H5yWt551
1014,lNCRV5XO,UZn2iLt3
1015,lPKIlXkz,UZn2iLt3
1016,UiHXhX6E,UZn2iLt3
1017,YVGbWjMC,VERueEFM
1018,VERueEFM,thgiz3Bl
1019,4SkO0NgN,kIh0rodf
1020,SOVxq9IO,OlNzFJzs
1021,x4qlyqQw,h8YHRMWq
1023,GXvYhMbt,HuEUdLUY
1024,tii8jneP,x4qlyqQw
1025,KZVy0cSE,tii8jneP
1028,cUeXkQHK,t16lDTth
1029,B0QcMLBX,fTfNgORV
1030,TmnQXTJg,B0QcMLBX
1031,s6PZ0Xnf,B0QcMLBX
1034,hgFpKRyn,nEitWwQH
1037,CYfQL7qd,JqKbapeF
1038,kA4C4ipg,8hn4KTxW
1040,1NB5V1aA,K0g8p9bw
1042,IkP5Vo1A,8L70xNsT
1044,1675fUIG,YVGbWjMC
1047,tHKutAFv,uaVJTJzf
1048,JQYIFt8V,z2ILjfMI
1050,gtj1CCki,1675fUIG
1054,7aUDx8t3,Hjz07tZZ
1057,f5DEwVJD,1675fUIG
1060,UI3GZ7oK,1675fUIG
1061,QRDb0buO,ojzKb0Py
1064,5d0Su1GT,1675fUIG
1066,sW59szpO,Ww2R0PTV
1067,KQZjH30z,5d0Su1GT
1071,IUqSmZhl,hwHVAYYD
1074,8Fajecmg,LDzxqJgD
1075,PitPzuI7,7aUDx8t3
1076,yxm6uOS9,JNYtSgh7
1077,YMVFNFhP,8Fajecmg
1078,0G8ovHkT,QRDb0buO
1079,VyQgRNie,QRDb0buO
1086,be5jV3cH,2htqQSZG
1088,tsWeuCTg,y3jRhrzx
1089,Rw1ucVuA,dWWQea4k
1090,moxpdpfD,tsWeuCTg
1091,H53N5Qpd,CYfQL7qd
1092,LpJWafBq,tsWeuCTg
1094,z5o9bjxg,y3jRhrzx
1095,XaDBzVwu,MBPecGah
1096,1mdAHZ8a,MBPecGah
1097,lk30W8gP,y3jRhrzx
1098,zIwySJ2H,wHWcc2Aa
1100,s4mB4eLg,zIwySJ2H
1101,G64Uzp6W,zIwySJ2H
1102,90W7BaS2,LDzxqJgD
1106,XOpJK5kd,BQHFCjom
1107,4UlqSa5D,wrjl0eqR
1108,JVPBCBDD,4UlqSa5D
1109,9xVnwjM9,4UlqSa5D
1110,N3EbaYOr,YodS7byr
1111,yhZNHntO,KL0w25DW
1112,d4crcg5e,N3EbaYOr
1113,hLjSpH0x,N3EbaYOr
1114,7mclVs5K,YPhUdN0E
1115,r8zr1r2k,7mclVs5K
1116,OJhDF9Me,7mclVs5K
1117,Bivy6TIl,4UlqSa5D
1119,pFPI3Ys9,fTfNgORV
1120,Fqvbfo8z,pFPI3Ys9
1121,arFe1Xx3,pFPI3Ys9
1123,aaAIQaoK,8L70xNsT
1124,pevLULF0,XumyMTpl
1125,BjnLhhi0,pevLULF0
1126,GKnQuwIa,pevLULF0
1127,yHTEV1G2,ocUDQmd1
1129,YLHSo0ia,MBPecGah
1130,PwHMYdLt,p580GylI
1131,lPyekIKr,YOk9rWFk
1132,jKFLM0bM,FlQ4wjjc
1133,nrnOhAjn,Fib0fq5w
1134,QitufaJG,OhdVXRdI
1136,BHL24LTO,nrnOhAjn
1137,k42Op7HK,MBPecGah
1138,1emuaPoq,MBPecGah
1143,RdS42eZz,YOk9rWFk
1144,7xTmoQ5n,ZiQdUqEr
1145,xLL6DTjy,3uzhHaIc
1146,THnmro1K,3uzhHaIc
1148,zXKP3oO1,uZXgbAm4
1150,LGwUsFwX,MBPecGah
1151,GvyxsEnS,MBPecGah
1153,kf5D16D0,vOlu5utV
1154,UZ2ti2ZO,vOlu5utV
1155,NmBheuz4,MBPecGah
1156,OoMQfCoC,UZ2ti2ZO
1157,MrQ97YxV,UZ2ti2ZO
1158,nHG0Pw3c,MBPecGah
1159,9g75tDAm,R9lrJ4Pk
1160,MhrfUcAU,kf5D16D0
1161,x8mLURmO,kf5D16D0
1162,RziwirsD,YgpSxeOf
1163,WQXKpNmT,be5jV3cH
1171,5szsITGx,CX4HnniK
1172,hvwwgu5S,1ZmnQNIr
1173,dVcSfrr5,CX4HnniK
1174,2C3BPAt7,Hjz07tZZ
1175,zIHiA0j2,2C3BPAt7
1176,Ql9mmBlU,2C3BPAt7
1179,7A6GQ922,4UlqSa5D
1180,UpRVbWNE,be5jV3cH
1182,GBG6EZ9q,LmShuRyk
1186,IGKUO7tD,fTfNgORV
1187,UJbRHplk,KQZjH30z
1190,YiCnVVuN,H5yWt551
1191,vgWUF1ZN,MBPecGah
1192,eqAd2QkH,MBPecGah
1193,x6jlEQt9,f3Li2j5G
1195,sLc5KIGC,LGwUsFwX
1196,GisAPr1f,jgRI4CGf
1198,cK7AloDF,GisAPr1f
1199,tzTO1DyO,GisAPr1f
1200,sD33EQDE,GisAPr1f
1202,epWXbh29,9g75tDAm
1204,9vTAoyQ6,RCh6sf3Z
1206,OovHZDVx,qGsjyeqg
1207,KgsfPGNB,OovHZDVx
1208,dtjpS8cf,OovHZDVx
1209,aONhuMPG,OovHZDVx
1212,2NsBqNQE,epWXbh29
1213,I2CQmkuf,NWyCJctl
1222,ckY4J4Ma,np5nOC2G
1223,LiDU1saH,LGwUsFwX
1224,4hnvbBMI,LGwUsFwX
1225,NWYNH9wF,R9lrJ4Pk
1229,XXheaLkl,r0V35uWB
1234,Udx8I71a,BQHFCjom
1235,RLDiRHKm,MBPecGah
1236,bY7lWrAw,vgWUF1ZN
1237,Ie5stxt6,nHG0Pw3c
1238,hHG1akT1,nHG0Pw3c
1239,l12MnZ4I,NmBheuz4
1240,DhMfKr0Y,NmBheuz4
1241,tdMbksmk,KU0UksE2
1242,RqC0fxjW,19LlIbtR
1243,Fy7Qp9XQ,aCUvcQVc
1244,NroQa2GH,bY7lWrAw
1245,gRvRfvHI,GisAPr1f
1246,HbRYvFBy,MBPecGah
1247,tKcibws6,EkTr7SBM
1248,mOJ0UYyt,HbRYvFBy
1249,tSQFBfnu,GisAPr1f
1250,1Vp6eaPB,bUpJJ4rL
1251,iXptfTlv,phWWMTLu
1253,1EBff3eF,R9lrJ4Pk
1255,7SY1kkmj,utJiauYv
1257,DGgNCqe3,bog7qSeH
1258,WsrfVz1A,g50bCcYK
1259,kXHF9RWd,x6jlEQt9
1260,qRwdmNSZ,9vTAoyQ6
1261,uZXgbAm4,iw1dtUJy
1262,9r6VfcYC,EkTr7SBM
1263,dtghbQpk,9vTAoyQ6
1265,2stFm38C,g50bCcYK
1266,FxGM7m5j,yON7Sew3
1267,bUpJJ4rL,zXKP3oO1
1268,ReIxf7Xw,g50bCcYK
1270,kG8DO7wP,CYfQL7qd
1271,FqXmTFLW,g50bCcYK
1273,vjl3jzJw,kA4C4ipg
1274,nxWuIO3U,aaAIQaoK
1278,eP1lSwDP,Qj8NZPUV
1279,i7pqtpD3,EkTr7SBM
1281,fg7kRN3G,GisAPr1f
1282,3mkah70N,sLc5KIGC
1283,X5TXMO0M,sLc5KIGC
1285,iZOvXFcp,1emuaPoq
1286,vvQyR0s3,1emuaPoq
1287,C8dQjAt8,k42Op7HK
1288,85BqR9gq,k42Op7HK
1291,RHwBgE9M,rYxn85SC
1293,llchNuYM,XVc3GW5g
1295,vZH0314K,GvyxsEnS
1296,KQu9N481,RqC0fxjW
1300,FF9jKKV2,GvyxsEnS
1301,4fdDkbG8,1emuaPoq
1303,dHgQMpr4,LQfyxCVf
1313,akjBt8Aj,r0V35uWB
1314,ObkiJBSe,YPhUdN0E
1315,JKlVuinm,o5fNLBDC
1317,I0u5oYBy,vOlu5utV
1318,NC071utB,viAc1dUO
1320,zTFT8U6j,tuancao
1321,BqniGxZy,kIh0rodf
1322,wCfPj1vM,kIh0rodf
1323,jfxJ93Fy,kIh0rodf
1324,mY6SVbHZ,kIh0rodf
1325,F6mQi2XV,kIh0rodf